nome,lattes,deptos
"Vítor Hugo dos Santos Gomes Maia","0001107478160614","Biologia"
"Monica Feijo Naccache","0010848295031388","Engenharia Mecânica"
"Carlos de Lamare Bastian Pinto","0013630384437068","Administração de Empresas"
"Leticia da Costa Paes","0019354508631210","Direito"
"Jorge Lucas Ferreira","0021400037764938","Ciclo Profissional das Engenharias"
"Célio Gomes Campos","0033613215828123","Comunicação Social"
"Valéria Pereira Bastos","0034189381343924","Serviço Social"
"Elcio Cruz de Oliveira","0035193585701908","Metrologia"
"José Ricardo Bergmann","0043444586596185","Engenharia Elétrica"
"Paolo Giovanni Carlo de Renzio","0074290375876422","Instituto de Relações Internacionais"
"Ana Luisa de Souza Correia de Melo Palmisciano","0080400691590938","Direito"
"Arthur Cezar de Araujo Ituassu Filho","0088939094557856","Comunicação Social"
"Clarissa Costalonga e Gandour","0090520326431188","Núcleo de Avalição de Políticas Climáticas"
"Ana Paula Veiga Kiffer","0090899748648437","Letras"
"Renata Peregrino de Brito","0093113712724710","Administração de Empresas"
"Renata Alves Paes","0117609420536251","Psicologia"
"Edmundo Eutropio Coelho de Souza","0124110582855789","Administração de Empresas"
"Carlos Eduardo Spencer de Vasconcellos","0169141303200635","Arquitetura e Urbanismo"
"Maria de Lourdes Corrêa Lima","0169981461007918","Teologia"
"Marcia Antabi","0175773584410680","Comunicação Social"
"Joao Paulo Vieira Tinoco","0182907746876513","Administração de Empresas"
"Jefferson Ferraz Damasceno Felix Araujo","0190128964748843","Física"
"Cristiano Saad Travassos do Carmo","0197310834738778","Engenharia Civil"
"Eduardo de Albuquerque Brocchi","0205484470667278","Engenharia Química e de Materiais"
"Celso Rayol Júnior","0208710153027471","Arquitetura e Urbanismo"
"Gustavo Costa Gomes Moreira","0215654610080176","Ciclo Profissional das Engenharias"
"Raul Bueno Andrade Silva","0226868630022436","Arquitetura e Urbanismo"
"Rogério Soares da Costa","0235512314601698","Filosofia"
"Luisa Severo Buarque de Holanda","0243878307545882","Filosofia"
"Glacir de Oliveira Galimberti Zapata","0262118583592671","Administração de Empresas"
"Florian Alain Yannick Pradelle","0277353927819140","Engenharia Mecânica"
"Graziela Xavier Fortunato","0277467612892209","Administração de Empresas"
"Renata Mattos Eyer de Araujo","0282672373632328","Artes e Design"
"Maria Cristina Guimaraes de Goes Monteiro","0290932445672591","Letras"
"Marcos Guedes Veneu","0302589429897705","História"
"Adrian Giassone","0313283109258058","Ciclo Profissional das Engenharias"
"Joao Hallak Neto","0330729631568717","Economia"
"Priscila Andrade Silva","0332900895866001","Artes e Design"
"Gilberto Mendonça Teles","0344905611735741","Vice-Reitoria para Assuntos Acadêmicos"
"Fernando Luiz Cyrino Oliveira","0348074510343282","Engenharia de Produção"
"Claudia Brütt Guimarães","0350492300670342","Comunicação Social"
"Renato Bichara Vieira","0399574948390321","Engenharia Mecânica"
"Marco Antonio Casanova","0400232298849115","Informática"
"Claudio Jacinto da Silva","0403105904702746","Teologia"
"Pedro Henrique Rosado de Castro","0412853229090908","Economia"
"Vera Lúcia Moreira dos Santos Nojima","0417467366901642","Artes e Design"
"Luiz Fernando Voss Chagas Lessa","0421514890423515","Direito"
"Luiz Eduardo Dutra Coelho da Rocha","0424139346325068","Artes e Design"
"Roberto Ierusalimschy","0427692772445368","Informática"
"Moema Falci Loures","0433127405537673","Arquitetura e Urbanismo"
"Jorge Brantes Ferreira","0457680155949405","Administração de Empresas"
"Vera Maria Marsicano Damazio","0479162431018606","Artes e Design"
"Nathalia Chehab de Sá Cavalcante","0479267092267568","Artes e Design"
"Leandro Santos Abrantes","0493158110373715","Letras"
"Maracy Domingues Alves","0508505470695444","Psicologia"
"Cynthia Paes de Carvalho","0512449913760180","Educação"
"Rafael Menezes de Oliveira","0526884779328823","Engenharia Mecânica"
"Sara Fagundes Soares de Oliveira","0578287804082746","Letras"
"Adriana Ferreira de Sousa de Albuquerque","0596423428377097","Letras"
"Roberto Cintra Martins","0615353959959636","Ciclo Profissional das Engenharias"
"Clarissa Biolchini","0616336350443514","Artes e Design"
"Marcos Venicius Soares Pereira","0632114860607378","Engenharia Química e de Materiais"
"Marcelo Gantus Jasmin","0635042395741656","História"
"Donizete Luiz Ribeiro","0636122199551695","Teologia"
"Alessandra Carusi Machado Bezerra","0651235231570796","Artes e Design"
"Monica Cavalcante de Aguiar","0655918353016262","Arquitetura e Urbanismo"
"Ana Maria Percebom Sette da Silva","0675508974486915","Química"
"Marcos Morais Bejarano","0679919577539520","Teologia"
"Maria Fatima Ludovico de Almeida","0685708886758224","Metrologia"
"Cristine Nogueira Nunes","0694474956731593","Artes e Design"
"Leila Mathias Costa","0696327416232636","Letras"
"Celia Beatriz Anteneodo de Porto","0730727299854995","Física"
"Renato Fontoura de Gusmão Cerqueira","0731606611183670","Informática"
"Henrique Estrada Rodrigues","0735137446842082","História"
"Suzana Valladares Fonseca","0749852550019627","Artes e Design"
"Izabel Margato","0751833148574648","Letras"
"Carlos Eduardo Felix da Costa","0757744155897986","Artes e Design"
"Paulo Cesar de Araújo","0783980588146405","Comunicação Social"
"Thiago Barbosa dos Santos Guerreiro","0784513398355348","Física"
"Adriano Pilatti","0786723301440797","Direito"
"Eduardo Pimentel Menezes","0791736514501867","Geografia"
"Luiz Felipe Roris Rodriguez Scavarda do Carmo","0794494047024280","Engenharia de Produção"
"Alessandro Fabricio Garcia","0807511237795775","Informática"
"Arman Esmaili Taklimi","0810409099810641","Física"
"Andréia Durval Gripp Souza","0814707960687511","Teologia"
"Ivan Rosa de Siqueira","0816359715436622","Engenharia Mecânica"
"Rogério Ladeira Furquim Werneck","0818273339577951","Economia"
"Alyne de Castro Costa","0823104792141767","Filosofia"
"Marcus Vinicius Soledade Poggi de Aragao","0833253899619895","Informática"
"Walter Novaes Filho","0862823785671065","Economia"
"Lúcia Pedrosa de Pádua","0880902785863215","Teologia"
"Luiza Ferro Costa Marcier","0883060795204286","Artes e Design"
"Tatiana Dillenburg Saint'Pierre","0884997743394234","Química"
"Beatriu Canto Sancho","0888679781614883","Economia"
"Juan Fernando Rios Rivera","0895556860811299","Economia"
"Roberto Vilchez Yamato","0902694653764021","Instituto de Relações Internacionais"
"Carlos Viana de Carvalho","0917042819598331","Economia"
"João Antônio Silveira Lins Sucupira","0917925739104885","Teologia"
"James Matthew Davies","0924590071645404","Instituto de Relações Internacionais"
"Alcir de Faro Orlando","0927043090346304","Metrologia"
"Carlos Gustavo Vianna Direito","0929190323828552","Direito"
"Hedy Silva Ramos de Vasconcellos","0939838632600977","Vice-Reitoria para Assuntos Acadêmicos"
"Alessandra de Sá Mello da Costa","0942825872136360","Administração de Empresas"
"Caio Salles Marcondes de Moura","0959587368336042","Filosofia"
"Rogério Luís de Carvalho Costa","0964031559829384","Informática"
"Paula Orrico Sandrin","0964723089757076","Instituto de Relações Internacionais"
"Luís Corrêa Lima","0966582253591339","Teologia"
"Lauro da Gama e Souza Junior","0967389593663820","Direito"
"Clarissa Maria de Almeida Barbosa","0971513940642357","Informática"
"Marcos Willian Bernardo","0975682869968087","Filosofia"
"Fernando França Cocchiarale","0977759055940641","Filosofia"
"Maria das Gracas Dias Pereira","0979811416400008","Letras"
"Gilberto Oliveira Boaretto","0982981471263185","Economia"
"Ana Maria Nicolaci da Costa","0992703275755010","Vice-Reitoria para Assuntos Acadêmicos"
"Jakeline Prata de Assis Pires","0994127449152166","Biologia"
"Manoel Messias Peixinho","1016382585372214","Direito"
"Andre Lacombe Penna da Rocha","1061361779727658","Administração de Empresas"
"Marcos Kalinowski","1095304607841635","Informática"
"Angela Maria de Randolpho Paiva","1102020302719626","Ciências Sociais"
"Sérgio Colcher","1104157433492666","Informática"
"Roberta de Queiroz Lima","1117824177202915","Engenharia Mecânica"
"Justino Artur Ferraz Vieira","1123339812731411","Arquitetura e Urbanismo"
"Sergey Galkin","1142087212724025","Matemática"
"Paulo Luiz Moreaux Lavigne Esteves","1142247964035231","Instituto de Relações Internacionais"
"Renata Machado de Mello","1148103639070386","Psicologia"
"Marcelo Ghiaroni de Albuquerque e Silva","1155735621588649","Administração de Empresas"
"Nadia de Araujo","1157387460616007","Direito"
"Wouter Caarls","1164394299894445","Engenharia Elétrica"
"Paulo Freitas Ribeiro","1189981548939546","Direito"
"Agnieszka Ewa Latawiec","1199479212171868","Geografia"
"Naira da Costa Muylaert Lima","1202050697108469","Educação"
"Daniella de Araújo Lima","1211639296762258","Letras"
"Ana Maria Stingel","1213069840583790","Psicologia"
"Sheila Dain","1213424875785708","Artes e Design"
"Isabella Franco Guerra","1216922016099990","Direito"
"Celso Pinto Carias","1231115959051371","Teologia"
"Alder Catunda Timbó Muniz","1244184789277811","Arquitetura e Urbanismo"
"Aline da Silva Novaes","1252732507828167","Comunicação Social"
"Marco Antonio Meggiolaro","1259500926303809","Engenharia Mecânica"
"Melvin Badra Bennesby","1276900082650743","Direito"
"Jorge Calmon de Almeida Biolchini","1287998611558420","Medicina"
"Lívia Batista Lopes Escobar","1295622977703697","Química"
"Raul Rosas e Silva","1304606076487440","Ciclo Profissional das Engenharias"
"Ilda Lopes Rodrigues da Silva","1305811207089380","Vice-Reitoria para Assuntos Acadêmicos"
"Auterives Maciel Junior","1316446642154568","Psicologia"
"Anupama Ghosh","1325922776934613","Engenharia Química e de Materiais"
"Ricardo Teixeira da Costa Neto","1337458338987940","Ciclo Profissional das Engenharias"
"Cilene Rodrigues","1354171913325490","Letras"
"David Rubem Azulay","1382265653448717","Escola Médica de Pós-Graduação"
"Patricia Furtado Mendes Machado","1387533506381579","Comunicação Social"
"Renato Matoso Ribeiro Gomes Brandao","1388182534894415","Filosofia"
"Jaqueline de Carvalho Rodrigues","1388674833557684","Psicologia"
"Melanie Dimantas","1418068844764863","Comunicação Social"
"Israel Fonseca Nunes Junior","1421348014538437","Arquitetura e Urbanismo"
"Khosrow Ghavami","1427567976681355","Vice-Reitoria para Assuntos Acadêmicos"
"Claudia Renata Mont'Alvão Bastos Rodrigues","1442907381860300","Artes e Design"
"Mario Augusto Seixas","1445842965375870","Artes e Design"
"Florian Fabian Hoffmann","1458174636717400","Direito"
"Bruno Garcia Redondo","1463177354473407","Direito"
"Alessandro Cirone","1475110260364303","Engenharia Civil"
"Patricia Gissoni de Santiago Lavelle","1486139813897811","Letras"
"Daniela Trejos Vargas","1486618088507422","Direito"
"Paula Ypiranga dos Guaranys","1506112949072621","Informática"
"Maria Gentil Gonçalves da Rocha","1509469221162578","Direito"
"James Casas Klausen","1512376802751820","Instituto de Relações Internacionais"
"Evandro Correia de Souza e Lima","1522059142982389","Direito"
"Daniel Mesquita Pereira","1523503240801411","Comunicação Social"
"Luiz Fernando Bessa Seibel","1526174034201709","Informática"
"Anna Gudrun Christina Leander","1533221556876080","Instituto de Relações Internacionais"
"Marcelo Cunha Medeiros","1545155828572491","Economia"
"João Roberto Lopes Pinto","1548806483243192","Ciências Sociais"
"Antônio Márcio Tavares Thomé","1568432165307483","Engenharia de Produção"
"Bruna Sant Ana Aucar","1571341987794675","Comunicação Social"
"José Roberto Potsch de Carvalho e Silva","1574946087592595","Administração de Empresas"
"Rafael da Silva Nunes","1576899163926723","Geografia"
"Marcela Figueiredo Cibella de Oliveira","1587027724745056","Filosofia"
"Raphael Sacchi Zaremba","1609606099183857","Psicologia"
"Mariangela da Silva Monteiro","1610851370462244","Psicologia"
"Antonio Luz Furtado","1621729459222873","Vice-Reitoria para Assuntos Acadêmicos"
"Izabel Maria de Oliveira","1636038208207422","Artes e Design"
"Renata Del Tedesco Narita","1637281835891208","Economia"
"André Barreira da Silva Rocha","1639913578860033","Ciclo Profissional das Engenharias"
"Marta Regina Fernandez Y Garcia","1643671937739361","Instituto de Relações Internacionais"
"Roberto Werneck do Carmo","1654895301711968","Ciclo Profissional das Engenharias"
"Marco Serpa Molinaro","1656881663114095","Informática"
"Claudia Fernanda Chigres","1671400202030314","Letras"
"Sandra Korman Dib","1671684555879343","Comunicação Social"
"Nathalie Christine Gimenes","1671825521914792","Economia"
"Ralph Ings Bannell","1672240438808894","Educação"
"José Roberto Moraes d'Almeida","1672274202055214","Engenharia Química e de Materiais"
"Tânia Horsth Noronha Jardim","1690074957924010","Serviço Social"
"Maria Isabel Peixoto Guimaraes","1690737895643329","Administração de Empresas"
"Veranise Jacubowski Correia Dubeux","1706093099357760","Administração de Empresas"
"Antonio Luiz Catelan Ferreira","1711714714900902","Teologia"
"Rachel Louise Braga Delmás Leoni Lopes de Oliveira","1722230336543694","Direito"
"Bernardo Pereira Nunes","1728746187630338","Informática"
"Júlio Cesar Rocha dos Santos","1732959483590227","Teologia"
"Danielle Pereira de Araújo","1753947252157460","Ciências Sociais"
"Bruno Cunha Vairo","1769001584825044","Biologia"
"José Abel de Sousa","1773140756511255","Teologia"
"Mario de França Miranda","1785242776254374","Vice-Reitoria para Assuntos Acadêmicos"
"Nicholas Andueza","1788491236163399","Comunicação Social"
"Ines Alegria Rocumback","1797780119502621","Direito"
"Liana de Andrade Biar","1804581467585156","Letras"
"Igor Braga de Paula","1814779476910411","Engenharia Mecânica"
"Carlos Affonso Pereira de Souza","1819360839405757","Direito"
"Thibaut Victor Gaston Vidal","1821402316308818","Informática"
"Dania Gonzalez Morales","1839399943314383","Matemática"
"Aza Njeri","1860525609823702","Letras"
"Daniel Kamlot","1863175020067147","Administração de Empresas"
"Luis Felipe Sao Thiago de Carvalho","1865753433262533","Administração de Empresas"
"Cecilia Reis Englander Lustosa","1874639468803355","Informática"
"Abimar Oliveira de Moraes","1915637980997244","Teologia"
"Manuel Fiaschi","1923086063559203","Arquitetura e Urbanismo"
"Luisa Cruz Lobato","1926156194903187","Instituto de Relações Internacionais"
"Melissa Lemos Cavaliére","1929107472151568","Informática"
"Adriana Alves dos Santos Cruz","1934361646938191","Direito"
"Fabio Luiz de Souza","1948901646231026","Teologia"
"Anna Maria Sotero da Silva Neto","1950959698589744","Administração de Empresas"
"Ana Rosa Fonseca de Aguiar Martins","1953231474856958","Ciclo Profissional das Engenharias"
"Ana Elizabeth Lole dos Santos","1954445820445997","Serviço Social"
"Lincoln Wolf de Almeida Neves","1959867130883965","Ciclo Profissional das Engenharias"
"Fernando Cardoso Lima Neto","1985403383641805","Ciências Sociais"
"Maria Celeste Simões Marques","2014327112277784","Direito"
"Luísa Chaves de Melo","2026140075069136","Comunicação Social"
"Giovanni Ricardo Pinto Pinheiro de Faria","2026211106346097","Comunicação Social"
"Vitor de Azevedo Almeida Junior","2030380665970388","Direito"
"Margarida de Souza Neves","2037911313100593","Vice-Reitoria para Assuntos Acadêmicos"
"Arthur Martins Barbosa Braga","2039751697422137","Engenharia Mecânica"
"Romulo Miyazawa Matteoni","2048827363170690","Artes e Design"
"Tomás Guanziroli","2066904886509780","Economia"
"Luís Antônio Monteiro Campos","2086878340484347","Psicologia"
"Fernanda Ferreira Pradal","2087165621651437","Direito"
"Carlos Henrique Tranjan Bechara","2098019528832009","Direito"
"Felipe Girdwood Acioli","2101905154351645","Direito"
"Anderson Oliveira da Silva","2112731242323579","Informática"
"Francilaide de Queiroz Ronsi","2118947389116019","Teologia"
"Carlos Eden Sardenberg Mesquita","2123291416321870","Ciclo Profissional das Engenharias"
"Joao Franklin Abelardo Pontes Nogueira","2123365030515813","Instituto de Relações Internacionais"
"Carlos German Massone","2124912888242287","Química"
"Carlos Eduardo Rebello de Mendonca","2129172897640183","Ciências Sociais"
"Liliana Cabral Bastos","2129326437841299","Letras"
"Roberto Bentes de Carvalho","2143031467830549","Ciclo Profissional das Engenharias"
"Cristiano Augusto Coelho Fernandes","2149571398618532","Engenharia Elétrica"
"Leonardo Affonso de Miranda Pereira","2161915999307006","História"
"Jean Pierre von der Weid","2192738260572343","Centro de Estudos em Telecomunicações"
"Tania Conceição Pereira","2196449164708979","Letras"
"Marianna Montebello Willeman","2205460922551603","Direito"
"Marcelo Eduardo Huguenin Maia da Costa","2213216319318682","Física"
"Joao Mestieri","2214524043984080","Direito"
"Marco Antonio Gusmão Bonelli","2248886360140288","Teologia"
"Monica Spitalnik Nathan","2251243285842644","Letras"
"Luis Fernando Alzuguir Azevedo","2254453960245715","Engenharia Mecânica"
"Rodrigo Penteado Ribeiro de Toledo","2272353185945116","Informática"
"Marcos Luis Barbato","2273739290358062","Comunicação Social"
"Bárbara Coelho Rodrigues da Silva","2275414277544376","Arquitetura e Urbanismo"
"Antonio Carlos Alkmim dos Reis","2279381025485556","Ciências Sociais"
"Marco Aurelio Cavalcanti Pacheco","2283022405554044","Engenharia Elétrica"
"José Augusto Brandão Estellita Lins","2285737207231717","Artes e Design"
"Flavia de Oliveira Rua Abranches Ciucci","2286994781901712","Comunicação Social"
"Lucas Alves Estevam de Lima","2290427728799125","Economia"
"Alexandre Malheiros Meslin","2297506963539888","Informática"
"Maura Iglesias","2300683541055350","Vice-Reitoria para Assuntos Acadêmicos"
"Daniela Romão Barbuto Dias","2321532672629493","Psicologia"
"Fernando Felicio dos Santos de Carvalho","2335075919520465","Artes e Design"
"Mauricio de Albuquerque Rocha","2351185763883079","Direito"
"Jorge Langone","2352385843693492","Artes e Design"
"Pedro Merlussi","2357659734728880","Filosofia"
"Augusto Seibel Machado","2360822965008630","Artes e Design"
"Jose Carmello Braz de Carvalho","2365306257120477","Vice-Reitoria para Assuntos Acadêmicos"
"André Perecmanis","2380749142242523","Direito"
"Madiagne Diallo","2382185119213857","Engenharia de Produção"
"Leonardo Cardarelli Leite","2395898863050060","Artes e Design"
"João Geraldo Machado Bellocchio","2408385415246192","Teologia"
"Hamilton Massataka Kai","2426216661281735","Economia"
"Daniela da Rocha Brandao","2431933210249177","Direito"
"André Trigueiro Mendes","2458391463036659","Comunicação Social"
"Maria Alice Rezende de Carvalho","2473628350274931","Ciências Sociais"
"Lélis Antonio Carlos Júnior","2485072492791330","Biologia"
"Vinicius de Carvalho Monteiro","2486353589785104","Filosofia"
"Joao Ricardo Wanderley Dornelles","2495327404341149","Direito"
"Mia Alessandra de Souza Reis Schneider","2498284681709222","Direito"
"Jenura Clotilde Boff","2513782504316308","Vice-Reitoria para Assuntos Acadêmicos"
"Marco Antonio Grivet Mattoso Maia","2519031892464448","Ciclo Profissional das Engenharias"
"Lorenzo Justiniano Diaz Casado","2522219947489545","Matemática"
"Nanda Eskes","2527278212519566","Arquitetura e Urbanismo"
"Augusto Cesar Pinheiro da Silva","2528456367910899","Geografia"
"Nicolau Corcao Saldanha","2529569752203830","Matemática"
"Maria Fernanda Rodrigues Campos Lemos","2531489281135790","Arquitetura e Urbanismo"
"Luiz Fernando Campos Ramos Martha","2540733672905515","Engenharia Civil"
"Hans Ingo Weber","2544637819098374","Vice-Reitoria para Assuntos Acadêmicos"
"Thiago Leite Cabrera Pereira da Rosa","2550777687572420","Educação"
"Maureen Cristina Martins dos Santos","2554625322447687","Instituto de Relações Internacionais"
"Ricardo Oliveira dos Santos","2571307652032906","Instituto de Relações Internacionais"
"Teresa Dias Carneiro","2583988759143754","Letras"
"Ivan Fabio Mota de Menezes","2591330923317017","Engenharia Mecânica"
"Jose Marcus de Oliveira Godoy","2592534383776059","Química"
"Dulce Chaves Pandolfi","2592695555557613","Ciências Sociais"
"Walter dos Santos Teixeira Filho","2619529086166784","Arquitetura e Urbanismo"
"Isabel Martins Moreira","2621859812538963","Artes e Design"
"Rafael Igrejas da Silva","2637569055663193","Administração de Empresas"
"Thais Louise Gurjão de Carvalho","2639993239415786","Biologia"
"Thamis Ávila Dalsenter Viveiros de Castro","2640316561873790","Direito"
"Antonio Edmilson Martins Rodrigues","2656428185505030","História"
"Beatriz de Castro Barreto","2671146895077676","Letras"
"Mariana Luz Eiras Queiroz","2721560249509851","Comunicação Social"
"Márcio Ribeiro Rodrigues de Oliveira","2726604452859923","Artes e Design"
"Diogo Abry Guillén","2739102450869295","Economia"
"Sandra Maria Carreira Polónia Rios","2743594300712258","Economia"
"Ana Luiza de Souza Nobre","2752050095055713","Arquitetura e Urbanismo"
"Liliane Ruth Heynemann","2755912107282029","Comunicação Social"
"Paula Drumond Rangel Campos","2756650288271652","Instituto de Relações Internacionais"
"Ricardo Queiroz Aucélio","2792865766795939","Química"
"Fabricio Mello Rodrigues da Silva","2798855507492641","Economia"
"Alessandro Lucciola Molon","2817752725944973","Direito"
"Márcia Regina Botão Gomes","2843267013393531","Serviço Social"
"Carla Vieira de Siqueira","2855801347490945","Comunicação Social"
"André Luís de Araújo","2868576979298620","Letras"
"José Guilherme Berman Corrêa Pinto","2871208795799633","Direito"
"Jonatas dos Santos Grosman","2883698685063688","Informática"
"Geraldo Marques Raimundo","2899930276877603","Teologia"
"Marcelo de Andrade Dreux","2910200420096917","Ciclo Profissional das Engenharias"
"Leonardo Bérenger Alves Carneiro","2910417278322994","Letras"
"Livia França Salles","2913830588472598","Comunicação Social"
"Marcelo Fernandes Pereira","2957130184107059","Artes e Design"
"Frederico Oliveira Coelho","2963677662684936","Letras"
"Caio Machado Filho","2987799766545262","Direito"
"Ana Cláudia Oliveira da Silva Pinheiro","2995528906231678","Administração de Empresas"
"Alexandra Coelho Pena","3002450726771347","Educação"
"Vera Angela Novello Whately","3005223475745153","Comunicação Social"
"Bruno Fânzeres dos Santos","3039810881707324","Engenharia de Produção"
"Cecília Vilani","3045726671483204","Engenharia Química e de Materiais"
"Ana Maria Beltran Pavani","3047380062017201","Vice-Reitoria para Assuntos Acadêmicos"
"Luciana Azevedo Pereira","3057590123091485","Comunicação Social"
"Leonardo dos Santos Lourenço Bastos","3058855079996406","Engenharia de Produção"
"Liana Ribeiro dos Santos","3066112737169763","Administração de Empresas"
"Cristina Maria Martins de Matos","3081321298631742","Comunicação Social"
"Miguel Santos de Carvalho","3088630449645365","Artes e Design"
"Virgínia Totti Guimarães","3091439217579895","Direito"
"Bruno Chaloub Dieguez","3102035851071075","Comunicação Social"
"Felipe Süssekind Viveiros de Castro","3102419441273146","Ciências Sociais"
"Julio Maia Vidal","3107472726960280","Direito"
"Daniel Ramos Louzada","3136222954404092","Metrologia"
"Itala Maduell Vieira","3142480553750342","Comunicação Social"
"Renato da Silveira Borges Neto","3150028433472855","Teologia"
"Rodrigo Penna Firme Pedrosa","3169548175426087","Geografia"
"Silvia Marina Pinheiro","3169677185815847","Coordenação Central de Extensão"
"Pedro Lobão","3170892322346589","Arquitetura e Urbanismo"
"Andre Silva Pimentel","3172784582436163","Química"
"Fernando Neves da Costa Maia","3182014743114294","Instituto de Relações Internacionais"
"Norma Jonssen Parente","3193977499842643","Direito"
"Luiz Francisco Ferreira Leo","3195902124245733","Comunicação Social"
"Guilherme Azevedo Toledo","3216136794726052","Artes e Design"
"Irene Rizzini","3217839276420118","Serviço Social"
"Bernardo Pinto de Alkmim","3242197095211796","Informática"
"Eduardo Costa da Silva","3248166666175748","Engenharia Elétrica"
"David Vieira Martins","3249420860483924","Ciclo Profissional das Engenharias"
"Silvia Brilhante Guimarães","3266522190984120","Educação"
"Helena Cavalcanti de Albuquerque","3271024192238369","Artes e Design"
"Marina Bellaver Corte","3293171632352740","Engenharia Civil"
"João Paulo Santos Condack","3303517536813066","Biologia"
"Aline de Miranda Valverde Terra","3329638813113209","Direito"
"Maria do Carmo Leite de Oliveira","3347341510113859","Letras"
"Theophilo Antonio Miguel Filho","3357000647283565","Direito"
"Bernardo Portugal Silva Raposo","3365304462393782","Comunicação Social"
"Sérgio Cadena de Vasconcelos","3366743495001032","Geografia"
"Lygia Alessandra Magalhaes Magacho","3369656784051366","Administração de Empresas"
"Joao Masao Kamita","3375529151382237","História"
"Arndt von Staa","3387018530825694","Vice-Reitoria para Assuntos Acadêmicos"
"Denise Berruezo Portinari","3394423096338340","Artes e Design"
"Enrique Victoriano Anda","3400367864354012","Vice-Reitoria para Assuntos Acadêmicos"
"Maria Elena Gava Reddo Alves","3436069146503259","Economia"
"Marcos Favero","3437121612470119","Arquitetura e Urbanismo"
"Sergio de Souza Salles","3449303767051626","Vice-Reitoria para Assuntos Acadêmicos"
"Mário Luiz Menezes Gonçalves","3454313456262822","Teologia"
"Luiz de França Costa Lima Filho","3475085618680340","Vice-Reitoria para Assuntos Acadêmicos"
"Rejan Rodrigues Guedes-Bruni","3492080592616023","Biologia"
"Rogério Navarro Correia de Siqueira","3494069630052625","Engenharia Química e de Materiais"
"Maurício Barreto Alvarez Parada","3496123001709391","História"
"Enio Frota da Silveira","3497095259123139","Física"
"Jorge Alberto Zietlow Duro","3498061362705097","Administração de Empresas"
"Márcio Gomes Pinto Garcia","3500104366301286","Economia"
"Renato Barbosa de Oliveira","3524322623898229","Física"
"Maria Priscilla Vieira Coelho Familiar","3526282966854468","Filosofia"
"Fernando Cesar Negrini Minto","3538059265017666","Arquitetura e Urbanismo"
"Alexandra de Almeida","3565007612807426","Filosofia"
"Antonio Carlos de Oliveira","3588568619630253","Serviço Social"
"Oswaldo Chateaubriand Filho","3593463741658057","Vice-Reitoria para Assuntos Acadêmicos"
"Mônica Saboia Saddi","3597253522261998","Artes e Design"
"Greis Francy Mireya Silva Calpa","3617813687111663","Informática"
"Marcelo Junqueira Calixto","3635120393913402","Direito"
"Amanda Motta Schutze","3637223819633293","Economia"
"Edgar de Brito Lyra Netto","3641926552572579","Filosofia"
"Viviane Magno Ribeiro","3651611286968855","Direito"
"Soraida Aguilar Vargas","3675205014604933","Engenharia de Produção"
"Jorge Luiz Fontanella","3678240325798237","Ciclo Profissional das Engenharias"
"Rodrigo Fernandes Magalhães de Souza","3692003734666722","Engenharia Química e de Materiais"
"Guilherme Gutman Corrêa de Araújo","3692959296436023","Psicologia"
"Leticia Hees Alves","3699908160012217","Comunicação Social"
"Júlio de Almeida Lubianco","3701220470960090","Comunicação Social"
"Silvana Soares de Araujo Mesquita","3714198751601144","Educação"
"Romulo Costa Mattos","3717744398205428","História"
"Denise Müller dos Reis Pupo","3719602112779687","Direito"
"Ludovic Soutif","3751826539989078","Filosofia"
"André Saddy","3755480460002860","Direito"
"Paulo Ivson Netto Santos","3762142722427704","Informática"
"Eduardo Gonçalves Costa Amaral","3789347939629928","Economia"
"Daniel Malaguti Campos","3800154527537303","Artes e Design"
"Simone Dubeux Berardo Carneiro da Cunha","3807303923158558","Ciências Sociais"
"João de Azevedo e Dias Duarte","3814228684007207","História"
"Flávia Vieira Santos","3814396210635474","Letras"
"Leonel Azevedo de Aguiar","3833374955831745","Comunicação Social"
"José Nascimento Araujo Netto","3856961258283848","Direito"
"Erica dos Santos Rodrigues","3863871057204404","Letras"
"Luis Nachbin","3867260363671868","Comunicação Social"
"Jorge Luiz Cordeiro Paulo","3872959198627868","Administração de Empresas"
"Hermano Braga Viriato de Freitas Filho","3874609048382901","Arquitetura e Urbanismo"
"José Antônio de Oliveira","3878009431610431","Comunicação Social"
"Julia Fatima de Jesus Cruz","3890433667560451","Comunicação Social"
"Juliana Arriel","3894389473532167","Informática"
"Adriana Nogueira Accioly Nóbrega","3911296847035628","Letras"
"Igor Tona Peres","3920767393039395","Engenharia de Produção"
"Rodrigo Goyannes Gusmão Caiado","3922452850648712","Engenharia de Produção"
"Marcia Nina Bernardes","3939532654744480","Direito"
"Mateu de Athayde Velasco","3947553866547392","Artes e Design"
"Adriana Gioda","3948737758921845","Química"
"Bernardo Baeta Neves Strassburg","3954582460916396","Geografia"
"Victoria-Amália de Barros Carvalho Gozdawa de Sulocki","3969243951957466","Direito"
"Graham Andrew Craig Smith","3970539639640901","Matemática"
"Luís Flávio Chaves Anunciação","3982200733248687","Psicologia"
"Mariza do Nascimento Silva Pimenta-Bueno","3986012398577318","Letras"
"Ivan Simões Garcia","3991627142134710","Direito"
"Conceição Maria Vaz Robaina","3993657606594505","Serviço Social"
"Marcia Assumpcao Guimaraes Scialom","4003303154397114","Matemática"
"Valter Sinder","4017037880197153","Ciências Sociais"
"Clarisse Sieckenius de Souza","4031565135568125","Informática"
"Renato de Viveiros Lima","4034295889334000","Ciclo Profissional das Engenharias"
"Deane de Mesquita Roehl","4050531329577872","Engenharia Civil"
"Mylene Mizrahi","4050651102536855","Educação"
"Gero Arthur Hubertus Thilo Freiherr von Gersdorff","4058118793813648","Física"
"Renata dos Santos Galvão","4058550056773274","Geografia"
"Roberta Mauro Medina Maia","4058603785303943","Direito"
"Sylvia Therezinha de Almeida Moraes","4065885784122484","Administração de Empresas"
"Luciana Fontes Pessôa","4067179296438965","Psicologia"
"Eduardo Wright Cardoso","4079956200701552","História"
"Rodrigo Guimarães Nunes","4082055831752880","Filosofia"
"Francisco José Moura","4092839500766104","Engenharia Química e de Materiais"
"Mariana Dias Vieira","4101253269814369","Arquitetura e Urbanismo"
"Edmar Luiz Fagundes de Almeida","4102448005988261","Engenharia Mecânica"
"Marcos Sebastião de Paula Gomes","4104169900246673","Engenharia Mecânica"
"Roberto Geraldo Simonard Santos Filho","4117239914905195","Economia"
"Everardo Pereira Guimarães Rocha","4125143035504078","Comunicação Social"
"Manoel Vargas Franco Netto","4133552985832008","Direito"
"Breno Melaragno Costa","4133968233147983","Direito"
"Leonardo de Carvalho Augusto","4144190001433998","História"
"Fernando Espósito Galarce","4149409281572880","Arquitetura e Urbanismo"
"Fabio Rodrigo Siqueira Batista","4151613564138709","Ciclo Profissional das Engenharias"
"Regina Coeli Lisbôa Soares","4154220793706646","Direito"
"Sergio Leal Braga","4168538689240017","Ciclo Profissional das Engenharias"
"Juarez da Silveira Figueirêdo","4184136774467905","Economia"
"Antonio Marcos Hoelz Pinto Ambrozio","4199346660395102","Economia"
"João Alves dos Reis Junior","4218223417570712","Artes e Design"
"Luciana d Abreu Sarmento","4219997415729234","Medicina"
"João de Sá Bonelli","4223050992886738","Artes e Design"
"Ricardo Torri de Araújo","4236402611853128","Psicologia"
"Victória Monteiro da Silva Santos","4239762111072878","Instituto de Relações Internacionais"
"Claudio Freitas de Magalhães","4248298461741549","Artes e Design"
"Robert Wegner","4261372357344821","Ciências Sociais"
"Anderson Batista Monteiro","4268539169646632","Teologia"
"Sérgio Chastinet Duarte Guimarães","4285308219611299","Direito"
"Carolina de Oliveira Salgado","4289443340998386","Instituto de Relações Internacionais"
"Cassia Maria Chaffin Guedes Pereira","4309290499066250","Comunicação Social"
"Arthur Henrique Motta Dapieve","4322684213914247","Comunicação Social"
"Adriana Leiras","4328862635118427","Engenharia de Produção"
"Francis Berenger Machado","4346454183159838","Administração de Empresas"
"Cristiane Maria de Mello Alves Portella","4350310563255749","Química"
"Fernando Ribeiro Tenório","4357626968393812","Psicologia"
"Silvius Klein","4374422286112916","Matemática"
"Alberto Barbosa Raposo","4394162331037750","Informática"
"Pedro Henrique Évora Esteves Amaral","4407511173265327","Arquitetura e Urbanismo"
"Roberta Portas Gonçalves Rodrigues","4412059982163936","Artes e Design"
"Elisabeth Costa Monteiro","4415817897120454","Metrologia"
"Geovana Silva","4425135376969330","Serviço Social"
"Fábio de Oliveira Paula","4440704137177308","Administração de Empresas"
"João Queiroz Krause","4446771695292280","Ciclo Profissional das Engenharias"
"Pedro Felipe Neves de Muñoz","4455526149667552","História"
"Marcio Nunes da Silva","4468726211009066","Comunicação Social"
"Talita de Assis Barreto","4476202754511567","Letras"
"Marcello Raposo Ciotola","4498322980401783","Direito"
"Mariana de Moraes Palmeira","4502271493281707","Comunicação Social"
"Clarice Secches Kogut","4503272073439487","Administração de Empresas"
"Rodrigo Flora Calili","4513485062469304","Metrologia"
"Silvia Maria AbuJamra Zornig","4519397742415584","Psicologia"
"Miguel Jost Ramos","4541824429177316","Comunicação Social"
"Leonidas Augusto Correia de Moraes","4544064241267186","Artes e Design"
"Monica Moreira Barros","4549341122747148","Matemática"
"Ana Paula Santoro Pires de Carvalho Almeida","4551866829977322","Direito"
"Luiz Alberto Cesar Teixeira","4585685576694071","Engenharia Química e de Materiais"
"Olivia Nogueira Hirsch","4612718020189502","Ciências Sociais"
"Flávia de Oliveira Lima Falcão","4623673081134228","Ciclo Profissional das Engenharias"
"Felipe Gomberg","4625110658118253","Comunicação Social"
"Mauricio Nogueira Frota","4626434361475090","Vice-Reitoria para Assuntos Acadêmicos"
"Sergio Augusto Barreto da Fontoura","4627442057000265","Ciclo Profissional das Engenharias"
"Adriana Ribeiro Rice Geisler","4638191438691207","Direito"
"Rebeca Nonato Machado","4651584484744156","Psicologia"
"Lucas Santa Cruz de Assis Brasil","4660023293072282","Geografia"
"Hilton Esteves de Berredo","4667958757466822","Arquitetura e Urbanismo"
"Ana Cristina Bernardo de Oliveira","4669482589321779","Matemática"
"Diego Antonio Galeano","4681964247453265","História"
"Lenivaldo Gomes de Almeida","4685228663826826","Comunicação Social"
"Sidnei Paciornik","4692086634018379","Engenharia Química e de Materiais"
"Creso da Cruz Soares Junior","4700682985286290","Comunicação Social"
"Marcantonio Giuseppe Maria Carlo Fabra","4701272434027063","Informática"
"Marcos Cohen","4713933673200239","Administração de Empresas"
"Ernani de Souza Costa","4719274363999175","Ciclo Profissional das Engenharias"
"Maria Gabriela Carneiro de Carvalho","4738592061406487","História"
"Boyan Slavchev Sirakov","4743615737872637","Matemática"
"Ronaldo Cramer","4758039791899393","Direito"
"Pedro Duarte de Andrade","4766920066799526","Filosofia"
"Firly Nascimento Filho","4772367722624975","Direito"
"Claudia Ferlin","4781864789335595","Informática"
"Francisco Eduardo de Luna e Almeida Santos","4785142658881418","Economia"
"Celso de Albuquerque Silva","4788131579238903","Direito"
"Antonio Jorge Alaby Pinheiro","4788668846905577","Comunicação Social"
"Samantha Pelajo","4800744002765511","Direito"
"Roberto Ribeiro de Avillez","4805585223096573","Engenharia Química e de Materiais"
"Denise Maria Mano Pessoa","4816866904556200","Ciclo Profissional das Engenharias"
"Leane Cornet Naidin","4822982077399619","Instituto de Relações Internacionais"
"João Rua","4831269110581681","Geografia"
"Henrique Bastos Rajão Reis","4845335765441403","Biologia"
"Roberto José de Carvalho","4852990060845921","Ciclo Profissional das Engenharias"
"Rogerio Passy","4863138494508647","Centro de Estudos em Telecomunicações"
"Camilla Djenne Buarque Müller","4866073046756466","Química"
"Jefferson da Costa Soares","4877880611922616","Educação"
"Carlo Franzato","4881062407464026","Artes e Design"
"Vera Lucia Follain de Figueiredo","4888469107863020","Comunicação Social"
"Kai Michael Kenkel","4911785654944799","Instituto de Relações Internacionais"
"Allan Nogueira de Albuquerque","4937086018366737","Ciclo Profissional das Engenharias"
"Rafael Soares Gonçalves","4960734561594746","Serviço Social"
"Paul Alexander Schweitzer","4965722988034506","Vice-Reitoria para Assuntos Acadêmicos"
"Zena Winona Eisenberg","4966264375297426","Educação"
"Augusto Cesar Espíndola Baffa","4975737510415729","Informática"
"Alexandre Augusto Freire Carauta","4988322883295326","Comunicação Social"
"Caitlin Sampaio Mulholland","5010668019661821","Direito"
"Antonio Krishnamurti Beleno de Oliveira","5016950162930775","Engenharia Civil"
"Rian Oliveira Rezende","5020516072077929","Artes e Design"
"Ruth Espinola Soriano de Mello","5026891006947962","Administração de Empresas"
"Flávia de Souza Costa Neves Cavazotte","5039536576835274","Administração de Empresas"
"Marcelo Cabus Klotzle","5042677509706552","Administração de Empresas"
"Hiroshi Nunokawa","5060331747038283","Física"
"Fernanda Araujo Baião","5068302552861597","Engenharia de Produção"
"Rodrigo Prioli Menezes","5085393541593718","Física"
"Raphael Dias Martins De Paola","5096916582568529","Física"
"Adriano Barcelos Romeiro","5099660290924531","Direito"
"Heidrun Friedel Krieger Olinto de Oliveira","5111433441625035","Vice-Reitoria para Assuntos Acadêmicos"
"Jeane Rodrigues Lucena Niemeyer","5111976849730371","Administração de Empresas"
"Adriana Gray da Silva Reis","5124488462058304","Letras"
"Gustavo Godinho Benedito","5124567776983516","Geografia"
"João Barbosa de Oliveira","5137567698062560","Economia"
"Marco Antonio Magalhaes Lima","5150314612213956","Artes e Design"
"Daniel Alves da Costa Vargens","5156711630055928","Comunicação Social"
"Candida Maria Monteiro Rodrigues da Costa","5160806215228811","Comunicação Social"
"Maria Júlia Moraes Pinto Nunes","5169345619157019","Artes e Design"
"Alexandra de Mello e Silva","5170827319756397","Instituto de Relações Internacionais"
"Ana Luiza Maia Nevares","5175439898665493","Direito"
"Teresia Diana Lewe van Aduard de Macedo Soares","5194857133589062","Administração de Empresas"
"Theóphilo Antônio da Rocha Mattos","5209549833051642","Teologia"
"Thais Helena de Lima Nunes","5216912880869414","Ciclo Profissional das Engenharias"
"Danielle de Andrade Moreira","5218215240161035","Direito"
"Silvia Helena Soares da Costa","5223416349133585","Artes e Design"
"Ricardo Galdo Camelier","5229693619958992","Administração de Empresas"
"Carlos Tomei","5231877575668224","Matemática"
"Isabel Paranhos Monteiro","5245701339311053","Comunicação Social"
"Gustavo Maurício Gonzaga","5246086378299715","Economia"
"Jaqueline Passamani Zubelli Guimarães","5249661970556540","Ciclo Profissional das Engenharias"
"Francisco Oliveira de Queiroz","5264917731356492","Artes e Design"
"Paula Moura Francesconi de Lemos Pereira","5276030017603037","Direito"
"Thomas Eichenberg Krahe","5280805567151610","Psicologia"
"Carolina de Campos Melo","5294672374114663","Direito"
"Luciene Alcinda de Medeiros","5295914446957044","Serviço Social"
"Karin Koogan Breitman","5297074319265251","Informática"
"Mauricio Cortez Reis","5300741216127243","Economia"
"Flávia da Costa Limmer","5301916608241930","Direito"
"Gustavo Robichez de Carvalho","5303642574192362","Vice-Reitoria para Assuntos Acadêmicos"
"Adrian Sgarbi","5308167551642456","Direito"
"Leonardo Lima Gomes","5326223719623265","Administração de Empresas"
"Pablo Hector Seuanez Salgado","5327317916403344","Economia"
"Raimundo Sampaio Neto","5335075258111851","Ciclo Profissional das Engenharias"
"Luiza Novaes","5335191858617545","Artes e Design"
"Werther Teixeira de Azevedo Neto","5339372005706879","Artes e Design"
"Ciro Valerio Torres da Silva","5357308860323780","Administração de Empresas"
"Tiago Couto Berriel","5358216932921422","Economia"
"Miriam Sutter Medeiros","5363523298445922","Letras"
"Martim Francisco de Oliveira e Silva","5386405005191869","Administração de Empresas"
"Ariane Rego de Paiva","5400096252496129","Serviço Social"
"Ana Carolina Mattoso Lopes","5412432775487940","Direito"
"Amanda Lemette Teixeira Brandão","5417244739608507","Engenharia Química e de Materiais"
"Jorge Ferreira da Silva","5422276244335274","Administração de Empresas"
"Ivan Firmino Santiago da Silva","5423128520421142","Direito"
"Delberis Araujo Lima","5431353664068543","Engenharia Elétrica"
"Ana Maria Barcellos Kfouri","5450967755537112","Letras"
"Paulo Batista Gonçalves","5457197162245079","Engenharia Civil"
"Maria Manuela Rupp Quaresma","5462014719461367","Artes e Design"
"Jesus Hortal Sánchez","5474816081285023","Vice-Reitoria para Assuntos Acadêmicos"
"Andrea França Martins","5480574822219430","Comunicação Social"
"Carlos André Lameirão Côrtes","5502174296234604","Artes e Design"
"Inez Terezinha Stampa","5520264426241131","Serviço Social"
"Irley Fernandes Franco","5521130441503587","Filosofia"
"Jose Eugenio Leal","5535161949639969","Vice-Reitoria para Assuntos Acadêmicos"
"Mauro José de Souza Silveira","5540183671637183","Comunicação Social"
"Paulo Marcelo de Miranda Serrano","5550986347444576","Direito"
"Margarida Maria de Paula Basilio","5551821513265960","Vice-Reitoria para Assuntos Acadêmicos"
"Juliana Abrantes Freire","5552408887407258","Matemática"
"Renato da Silva Carreira","5554472337681978","Química"
"Paulo Cesar Greenhalgh de Cerqueira Lima","5572332966228981","Ciências Sociais"
"Glaucio José Marafon","5577289488913640","Geografia"
"Ricardo Borges Alencar","5579585545881265","Letras"
"João Victor Azevedo de Menezes Correia de Melo","5580376703816153","Artes e Design"
"Bruno Machado Eiras","5584779692573773","Direito"
"Joisa de Souza Oliveira","5594194423385963","Informática"
"Joao Batista Berthier Leite Soares","5609431554457604","Direito"
"Luiz Cristiano Oliveira de Andrade","5628409377906543","Direito"
"Christiano Arrigoni Coelho","5635481480046941","Economia"
"Fernando Cavalcanti Walcacer","5651590139154109","Direito"
"Ricardo Yogui","5653485648524278","Ciclo Profissional das Engenharias"
"Veronica Gomes Natividade","5663144810445632","Arquitetura e Urbanismo"
"Sinesio Pesco","5669901747051787","Matemática"
"Tatiana Fernandes Sodero","5676496286307230","Matemática"
"Renato Pontes Costa","5685624497619028","Educação"
"Volodymyr Zaitsev","5691355417518749","Química"
"Monica Baptista Campos","5703486507672837","Teologia"
"Francisco de Guimaraens","5705400403846459","Centro de Ciências Sociais"
"Paulo Renato Flores Durán","5711521457693996","Ciências Sociais"
"Terezinha Féres Carneiro","5713789523733634","Psicologia"
"Victor Carôzo Gois de Oliveira","5726498090157951","Física"
"Eliane Garcia Pereira","5738420486952616","Artes e Design"
"Adriano Francisco Branco","5743580027138953","Informática"
"Affonso Fernandes de Araújo","5748730552445469","Comunicação Social"
"Lais Bronstein Passaro","5759390269150948","Arquitetura e Urbanismo"
"Alessandra Baiocchi Antunes Corrêa","5761230213796042","Administração de Empresas"
"Marcelo Xavier Seeling","5775330110139294","Ciclo Profissional das Engenharias"
"Antonio Gutiérrez Merma","5787457902522074","Ciclo Profissional das Engenharias"
"Marilia Rothier Cardoso","5812449376017762","Letras"
"Rogerio Jose Bento Soares do Nascimento","5814418212845829","Direito"
"Renato de Andrade Lessa","5818660661319963","Direito"
"Lidia Spitz Spilberg","5820366904348572","Direito"
"Moisés Henrique Szwarcman","5857484350163472","Engenharia Elétrica"
"Rosangela Nunes de Araujo","5863752547825399","Comunicação Social"
"Rita Maria de Souza Couto","5874218092323774","Artes e Design"
"Carlos Guilherme Francovich Lugones","5884940283483338","Direito"
"Felipe Azevedo e Souza","5886992131790493","História"
"Joana Pessoa Mota","5911357245331409","Artes e Design"
"Nilza Rogéria de Andrade Nunes","5912959244625856","Serviço Social"
"Rosana Kohl Bines","5917182189881826","Letras"
"Eva Aparecida Rezende de Moraes","5922042826920023","Teologia"
"Inés Kayon de Miller","5922755610417448","Letras"
"Fabio da Silveira Siqueira","5937857218924211","Teologia"
"Dárcio Augusto Chaves Faria","5944687207342173","Direito"
"Bruno Vaz de Carvalho","5950253210783091","Direito"
"Ivana Stolze Lima","5955973975215372","História"
"Joaquim Marçal Ferreira de Andrade","5968006010168099","Artes e Design"
"Dely Soares Bentes","5977404094807527","Arquitetura e Urbanismo"
"Denise Costa Lopes","5990558223350345","Comunicação Social"
"Cátia Martins Leite Padilha","6005400744985453","Psicologia"
"Julieta Costa Sobral","6007828564832180","Artes e Design"
"Otavio Leonidio Ribeiro","6008984232328337","Arquitetura e Urbanismo"
"Karl Erik Schollhammer","6021252419486141","Letras"
"Luciano Vianna Araujo","6021561252427151","Direito"
"Everton Rangel Amorim","6029979516133236","Ciências Sociais"
"Eduardo Sany Laber","6039007393332552","Informática"
"Sandra Lencioni","6057522086090435","Geografia"
"Carlos Nelson de Paula Konder","6059987494295229","Direito"
"Heloisa Carpena Vieira de Mello","6065113807135642","Direito"
"Sergio Bruno Guimarães Martins","6071317439862025","História"
"Edward Hermann Haeusler","6075905438020841","Informática"
"Amaro Sérgio Marques","6081789759042062","Arquitetura e Urbanismo"
"Fernando Bastos Fernandes","6085184650029468","Ciclo Profissional das Engenharias"
"Marco Aurelio de Sa Ribeiro","6097996243779729","Administração de Empresas"
"Evandro da Silveira Goulart","6102363442747490","Administração de Empresas"
"Cesar Augusto Kuzma","6118354378976482","Teologia"
"Andrew Diniz da Costa","6118406981188025","Informática"
"Vera Maria Ferrão Candau","6133365056620299","Vice-Reitoria para Assuntos Acadêmicos"
"Claudio Cardoso Flores","6133776154932199","Economia"
"Isabel Cristina dos Santos Carvalho","6140495391360571","Física"
"Anderson Pereira","6158457741835329","Engenharia Mecânica"
"Monique de Faria Marins","6159836350391171","Ciclo Profissional das Engenharias"
"Frances Fischberg Blank","6167704693308745","Ciclo Profissional das Engenharias"
"Carlos Santos de Oliveira","6168054896015087","Direito"
"Tatiana Barbosa Carvalho","6175835545698390","Artes e Design"
"Patricia Pinheiro Bado","6177783038546551","Psicologia"
"Marcio Vieira Souto Costa Ferreira","6198179880087640","Direito"
"Vicente Garambone Filho","6217482356057677","Ciclo Profissional das Engenharias"
"Roberto Gil Uchoa Borgongino de Carvalho","6267662649043562","Administração de Empresas"
"Patricia Amelia Tomei","6279143106120385","Administração de Empresas"
"Heloisa Meireles Gesteira","6279701912425584","História"
"Hermes Frederico Pinho de Araujo","6279769606595838","Comunicação Social"
"Remo Mannarino Filho","6283803358889753","Filosofia"
"Tatiane Valeria Cardoso dos Santos","6297430041392158","Serviço Social"
"Ana Luiza Saramago Stern","6300141804103968","Direito"
"Ana Carolina Letichevsky","6307561407247969","Informática"
"Luciano Rosa Alonso Alvares","6313322920284654","Arquitetura e Urbanismo"
"Marcos Antonio de Santana","6321986834266695","Teologia"
"José Roberto de Castro Neves","6322213555842761","Direito"
"Diego Santos Vieira de Jesus","6322729232079325","Instituto de Relações Internacionais"
"Maria Claudia Bolshaw Gomes","6326393956468473","Artes e Design"
"Luiz Carlos Wrobel","6338514580120246","Engenharia Civil"
"Carla Ferreira Soares","6339609075711609","Ciências Sociais"
"Walmir Ferreira Coutinho","6341747298696800","Escola Médica de Pós-Graduação"
"Rafael da Mota Mendonça","6358776469975246","Direito"
"Marcos Amarante de Almeida Magalhães","6388594724411404","Artes e Design"
"Carolina Câmara Pires dos Santos","6389677105729974","Direito"
"Arnaldo Rodrigues da Silva","6394001265359764","Comunicação Social"
"Alvaro Henrique de Souza Ferreira","6413910572689546","Geografia"
"Maria Helena Rodrigues Navas Zamora","6425497242419672","Psicologia"
"Leonardo Agostini Fernandes","6431968963433274","Teologia"
"Diogo Maduell Vieira","6434950181972366","Comunicação Social"
"Maria Lúcia de Paula Oliveira","6440521780884056","Direito"
"Venetia Maria Correa Santos","6446442825870374","Ciclo Profissional das Engenharias"
"André Luiz Rodrigues da Silva","6475852367608038","Teologia"
"Diogo Rudge Malan","6488880217689313","Direito"
"Paula Medina Maçaira Louro","6490673312585650","Engenharia de Produção"
"Markus Endler","6505039023842313","Informática"
"Lukas Tobias Nepomuk Landau","6506755778074371","Engenharia Elétrica"
"Kese Pontes Freitas Alberton","6508408949800887","Ciclo Profissional das Engenharias"
"Sergio Luiz Ribeiro Mota - Sergio Mota","6520567335148353","Comunicação Social"
"Rachel Barros Nigro","6526644517596424","Direito"
"Flávio de Andrade Silva","6530532752645263","Engenharia Civil"
"Waldemar Celes Filho","6533801740375459","Informática"
"Joaquim de Salles Redig de Campos","6542903895772843","Artes e Design"
"Flaviana Dias Vieira Raynaud","6551939324340299","Arquitetura e Urbanismo"
"Claudia de Freitas Escarlate","6552019065424836","Arquitetura e Urbanismo"
"Helena Lewin","6556980220727672","Ciências Sociais"
"Cláudia da Silva Pereira","6579798139952341","Comunicação Social"
"Jones Limberger","6598033373706820","Química"
"Marcos Lopez Rego","6603846176805901","Administração de Empresas"
"Jose Alberto Rodrigues Pereira Sardinha","6620778250608191","Informática"
"Renata Martins da Rosa","6630688643199199","Matemática"
"Rangel Baldasso","6648400086690137","Matemática"
"Bárbara Castello Branco Ramos de Assumpção","6651329128863558","Comunicação Social"
"Beatriz dos Santos Damasceno","6655971025879451","Letras"
"Geraldo Filizola","6666589793403899","Ciclo Profissional das Engenharias"
"Nicolás Adrián Rey","6669418619228798","Química"
"Alexandre Street de Aguiar","6677797217339969","Engenharia Elétrica"
"Bojan Marinkovic","6678412027279043","Engenharia Química e de Materiais"
"Nilton Gonçalves Gamba Junior","6691982448335709","Artes e Design"
"José Carlos Ramalho Moreira","6692179930799319","Informática"
"Breno Sanvicente Vieira","6710912012052033","Psicologia"
"Marina Santiago de Mello Souza","6713939987321718","Biologia"
"Ricardo Esteves","6729107311417999","Arquitetura e Urbanismo"
"Luciana Badin Pereira Lima","6729653741466064","Instituto de Relações Internacionais"
"Luciana de Souza Pessoa","6730686049255425","Engenharia de Produção"
"Renan Lira de Farias","6731547818441441","Química"
"Jackeline Lima Farbiarz","6731603269257267","Artes e Design"
"Breno Cesar de Oliveira Góes","6736949253897497","Letras"
"Elaine Vidal Oliveira","6743857347988993","Comunicação Social"
"Maria Elena Rodriguez Ortiz","6778597759759274","Instituto de Relações Internacionais"
"Marcelo Luciano Vieira","6800572094521227","Serviço Social"
"Deivison Gonçalves Amaral","6811939371752204","História"
"Sonia Kramer","6812712541815164","Educação"
"Teresa Cristina Gonçalves Pantoja","6816237810740962","Direito"
"Marcio Pezzella Ferreira","6817642944521735","Administração de Empresas"
"Rafael Martinelli Pinto","6823993478179598","Engenharia de Produção"
"Guilherme de Almeida Xavier","6826067272836852","Artes e Design"
"Lucas Bender Carpena de Menezes Paraizo Garcia","6836938366258607","Comunicação Social"
"Luiza Maria Interlenghi","6853304511658092","Artes e Design"
"Leonardo Fernandes Martins","6867296937779440","Psicologia"
"Maria das Graças de Almeida Chagas","6870737677368951","Artes e Design"
"Monica Baumgarten de Bolle","6874524109092562","Economia"
"Luciana Borgerth Vial Correa","6878778664965335","História"
"Marcelo Motta de Freitas","6893268028825034","Arquitetura e Urbanismo"
"Fernanda Medina Pantoja","6896193575817744","Direito"
"Bruna Portella de Novaes","6896657729817207","Direito"
"Pedro Cavalcanti de Almeida Rocha","6897371579072157","Direito"
"Welles Antonio Martinez Morgado","6911356765220023","Física"
"Marcelo Fernandez Piñeiro","6915282278133559","Administração de Empresas"
"Heitor Carlos Santos Utrini","6917066312236615","Teologia"
"Maíra Siman Gomes","6919553833211231","Instituto de Relações Internacionais"
"Margareth Amoroso de Mesquita","6932439809404313","Letras"
"Angela Ourivio Nieckele","6935503527357767","Engenharia Mecânica"
"Tatiana Terry","6942602341100105","Arquitetura e Urbanismo"
"Sonia Letichevsky","6948246729078101","Ciclo Profissional das Engenharias"
"Regina Schoemer Jardim","6953118955563459","Psicologia"
"Pedro Carvalho Loureiro de Souza","6953990450492492","Economia"
"Anderson Gabriel Marques da Silva","6967570711596065","Engenharia Química e de Materiais"
"George Svetlichny","6977833283202268","Vice-Reitoria para Assuntos Acadêmicos"
"Gustavo Carvalho Gomes Schwartz","6988373155911479","Direito"
"Reinaldo Castro Souza","6992824817295435","Ciclo Profissional das Engenharias"
"Rosi Marques Machado","6998396590925815","Ciências Sociais"
"Ricardo Emmanuel Ismael de Carvalho","7003206044726098","Ciências Sociais"
"Estanislau Bezerra Felix","7004116353995407","Comunicação Social"
"Napoleao Luiz Costa da Silva","7010527288156848","Economia"
"Márcio Antonio Scalercio","7016841208939606","Instituto de Relações Internacionais"
"Rachel Herdy de Barros Francisco","7021548116488357","Direito"
"Jorge Roberto Lopes dos Santos","7036137303246485","Artes e Design"
"Luciana Brafman","7041003818816616","Comunicação Social"
"Alessandra Silveira da Cruz","7051153069287073","Comunicação Social"
"Monica Santos Barison","7080810540088131","Serviço Social"
"Luiz José Veríssimo","7088290767643078","Psicologia"
"Juliano Junqueira Assunção","7098876456588867","Economia"
"Eliana Giambiagi","7110890733321931","Administração de Empresas"
"Renan Silva da Piedade","7115992610118803","Letras"
"João Renato de Souza Coelho Benazzi","7122230765885769","Administração de Empresas"
"Maria Cristina Monteiro Pereira de Carvalho","7155678774492000","Educação"
"Fernando Jerico Mendo Lopez","7162363239184001","Economia"
"Maria Flora Sussekind","7163151183156576","Letras"
"Ludimila Raupp de Almeida da Silva","7163168100157554","Biologia"
"Daniela Silveira Soluri","7171795371314073","Química"
"Maria Rita Passeri Salomão","7178612136283357","Vice-Reitoria para Assuntos Acadêmicos"
"David Zylbersztajn","7190224569505702","Coordenação Central de Educação Continuada"
"Andreia Clapp Salvador","7195771322221157","Serviço Social"
"Celso Braga Wilmer","7204893289932154","Artes e Design"
"Mariana Reis de Brito","7233659593044981","Biologia"
"Anderson Antonio Pedroso","7245664802479343","Artes e Design"
"Marco Antonio Gomes Teixeira","7246611786200974","Ciclo Profissional das Engenharias"
"Marcelo Roberto Ventura Dias de Mattos Bezerra","7247837744325605","Arquitetura e Urbanismo"
"Leticia Maria Sicuro Correa","7271092616184477","Letras"
"Maria Cristina Assumpção Carneiro","7275236146048908","Administração de Empresas"
"Denise Chini Solot","7280514973295378","História"
"Flavia de Almeida Viveiros de Castro","7284185756149490","Direito"
"Weiler Finamore Filho","7291338759246769","Comunicação Social"
"Luciana Arruda de Oliveira Freire","7301735486824165","Matemática"
"Marcelo Alves dos Santos Junior","7310416640102173","Comunicação Social"
"Tania Dauster Magalhães e Silva","7319562402263888","Vice-Reitoria para Assuntos Acadêmicos"
"Jônathas de Barros Nunes","7330679741413478","Vice-Reitoria para Assuntos Acadêmicos"
"Carlos Augusto Peixoto Junior","7337224839208493","Psicologia"
"Leandro Andrade Furtado","7346366302036184","Ciclo Profissional das Engenharias"
"Marcus Wilcox Hemais","7353015018963870","Administração de Empresas"
"Julio Cesar Valladão Diniz","7361718851255513","Centro de Teologia e Ciências Humanas"
"Alexandre Servino Assed","7366068498889882","Direito"
"Rejane Cristina de Araujo Rodrigues","7367303815121719","Geografia"
"Daniel Correa Mograbi","7381485367840499","Psicologia"
"Luis Alexandre Grubits de Paula Pessôa","7390036540772120","Administração de Empresas"
"André Milhorance de Castro","7393026773018789","Engenharia Elétrica"
"José Luíz Mendes Ripper","7404245013369992","Vice-Reitoria para Assuntos Acadêmicos"
"Marcelo Tadeu Baumann Burgos","7419302491760122","Ciências Sociais"
"Marcelo Gattass","7454736736043931","Informática"
"Antonio José de Sena Batista","7461912213912345","Arquitetura e Urbanismo"
"Adolfo Borges Filho","7462949033542383","Direito"
"Tacio Mauro Pereira de Campos","7476904353230115","Ciclo Profissional das Engenharias"
"Ronaldo Rodrigues Bastos","7492988047875910","Ciclo Profissional das Engenharias"
"Sindely Chahim de Avellar Alchorne","7505898233930008","Serviço Social"
"Lourdes Maria Silva de Souza","7531622930504270","Engenharia Civil"
"Rosangela Lunardelli Cavallazzi","7538936412559010","Direito"
"Renata Machado Ribeiro Nunes","7539524803508618","Administração de Empresas"
"Timo Christian Hiller","7545692425778458","Economia"
"Maria Cristina Bravo de Moraes","7556396551108405","Comunicação Social"
"Alberto Jose da Costa Tornaghi","7559560835292228","Educação"
"Davi Michel Valladão","7568648387585192","Engenharia de Produção"
"Luis Vicente Barros Cardoso de Melo","7571872416074782","Artes e Design"
"Marcos Paulo Galvão da Silva","7572058972302357","Teologia"
"Rui Ronald Caldas Marinho","7602098060402415","Economia"
"Paulo Roberto Soares Mendonça","7602313320676345","Direito"
"Ivan Mathias Filho","7610636882712771","Informática"
"Patricia Baptista Coralis","7613561248988880","Ciências Sociais"
"Regiane Augusto de Mattos","7616207179319016","História"
"Paula Koeler Lira","7619229846071918","Biologia"
"Helena Feres Hawad","7627081654623074","Letras"
"Silvio Hamacher","7644241125976321","Engenharia de Produção"
"Pedro Barreto de Moraes","7659038949712455","Arquitetura e Urbanismo"
"Conor Foley","7683027942915434","Instituto de Relações Internacionais"
"Thierry Andre Louis Verdier","7684965251570595","Economia"
"Fabio Pinto Lopes de Lima","7687741015965831","Artes e Design"
"Flávio Costa Pinto de Brito","7691068373375564","Comunicação Social"
"Marco Antonio Guimaraes Dias","7716452648404925","Ciclo Profissional das Engenharias"
"Wellington Campos","7739343828678988","Ciclo Profissional das Engenharias"
"Sidney Nolasco de Rezende","7760124336245004","Comunicação Social"
"Guilherme Monteiro Torelly","7780800557092453","Engenharia Elétrica"
"Sergio Leão","7798328332380636","Economia"
"Ricardo Brajterman","7811577854841167","Direito"
"Maira Machado Martins","7826356170218493","Arquitetura e Urbanismo"
"Silvio de Moura Dias","7840920086364218","Arquitetura e Urbanismo"
"Sara Angela Kislanov","7853913026433024","Psicologia"
"Lea Mara Benatti Assaid","7857210772432223","Administração de Empresas"
"Augusto Henrique P S Werneck Martins","7877147726264620","Direito"
"Fábio Carvalho Leite","7878244330545127","Direito"
"Regina Célia de Mattos","7895263599863107","Geografia"
"Thula Rafaela de Oliveira Pires","7917887243582797","Direito"
"Patrícia Maurício Carvalho","7931949460933230","Comunicação Social"
"Gabriel Jucá de Hollanda","7945031088232116","Filosofia"
"Wilson Reis de Souza Neto","7960466226999177","Matemática"
"Rodrigo Bezerra de Matos","7964171632648521","Matemática"
"Jose Ribas Vieira","7976161481295330","Direito"
"Gabriel Lopes de Ulyssea","7994407839713535","Economia"
"Fernanda Coutinho Bond","8001375568934612","Letras"
"Adriana Vidal de Oliveira","8002400150496526","Coordenação Central de Extensão"
"Gustavo Senechal de Goffredo","8015391682407545","Direito"
"Maria Eloisa de Jesus Conceição","8035530871481957","Artes e Design"
"Jose Mauro de Freitas Júnior","8046901716981509","Ciências Sociais"
"Helena Franco Martins","8055323136184595","Letras"
"Flavia Cesar Teixeira Mendes","8056254729544580","Engenharia de Produção"
"Thiago Ragonha Varela","8061145120113524","Direito"
"Luiz Alencar Reis da Silva Mello","8068674011748482","Engenharia Elétrica"
"Ronaldo Domingues Vieira","8081633460488746","Ciclo Profissional das Engenharias"
"Tatiana Siciliano","8087260703487460","Comunicação Social"
"Paulo Guilherme Santos Périssé","8089412678043051","Direito"
"Elizabeth Sara Lewis","8110351309778063","Letras"
"Carlos Roberto Cerqueira Alves","8113578093611292","Comunicação Social"
"Luana Sá de Azevedo de Araujo","8122438426278944","Matemática"
"Cintia Regina da Costa","8123146323065275","Letras"
"Paulo Soares Alves Cunha","8135045742004917","Ciclo Profissional das Engenharias"
"Luiza de Souza e Silva Martins","8147420541943592","Administração de Empresas"
"Euripedes do Amaral Vargas Jr","8160347007286967","Ciclo Profissional das Engenharias"
"Sergio Lifschitz","8164403687403639","Informática"
"Carlos Cesar Gomes","8176894073784688","Direito"
"José María Gómez","8185576902373697","Direito"
"Regina Lúcia Lima Pontes","8185750912339892","Psicologia"
"Luis Cândido Gomes de Campos","8187969338469382","Arquitetura e Urbanismo"
"Marco Cremona","8194466311190528","Física"
"Luciana Brooking Teresa Dias","8197910555308623","Psicologia"
"Vanessa Freitas da Silva","8201358404255445","Letras"
"Ricardo Tanscheit","8206214061481076","Engenharia Elétrica"
"Rosamary Esquenazi","8208548622667424","Comunicação Social"
"Luciana Grether de Mello Carvalho","8215736088517968","Artes e Design"
"Guilherme Vaz Porto Brechbühler","8238739081559226","Direito"
"Ana Cristina Malheiros Goncalves Carvalho","8239160174236523","Ciclo Profissional das Engenharias"
"Wei Chen","8242444761411208","Física"
"Larissa Rosa Corrêa","8242698091108462","História"
"Elisa Dominguez Sotelino","8247688677918672","Engenharia Civil"
"Bruno Feijo","8249534204731109","Informática"
"Rosalia Maria Duarte","8252075995504939","Educação"
"Vera Syme Jacob Benzecry","8253072801917494","Matemática"
"Ana Elisa Saggioro Garcia","8254158661212593","Instituto de Relações Internacionais"
"Guilherme Lorenzoni de Almeida","8258519888260570","Artes e Design"
"Marley Maria Bernardes Rebuzzi Vellasco","8265116967095452","Engenharia Elétrica"
"Ricardo da Cunha Fontes","8267112575048215","Artes e Design"
"Sandra Regina da Rocha Pinto","8270031516279454","Administração de Empresas"
"Miguel Nathan Foguel","8289992852691004","Economia"
"Isabel Monteiro Joffily","8298609185478506","Comunicação Social"
"Vera Maria Lanzillotta Baldez Boing","8312483761447600","Teologia"
"Marilia Soares Martins","8323634651439830","Comunicação Social"
"Andrea Bandeira de Mello Schettini","8351449262073648","Direito"
"Carlota Salgadinho Ferreira","8354133525893193","Filosofia"
"Irina Aragao dos Santos","8361386460154458","Artes e Design"
"Maria Teresa de Freitas Cardoso","8364001674581032","Teologia"
"Maria Clara Lucchetti Bingemer","8374950313063279","Teologia"
"Paulo Roberto de Souza Mendes","8378753616240875","Ciclo Profissional das Engenharias"
"Omar Ginoble Pandoli","8388181041362942","Química"
"Alan Conci Kubrusly","8399322766999211","Engenharia Elétrica"
"José Tavares Araruna Júnior","8400492266306446","Engenharia Civil"
"José Carlos D'Abreu","8402567216155554","Vice-Reitoria para Assuntos Acadêmicos"
"Rosemary Fernandes da Costa","8406132241331332","Teologia"
"Adriana Andrade Braga","8424786953911830","Comunicação Social"
"Ana Heloísa da Costa Lemos","8428879484131924","Administração de Empresas"
"Marcos Craizer","8432199070549609","Matemática"
"Carmem Lúcia Barreto Petit","8438086380542960","Comunicação Social"
"Rachel Coutinho Marques da Silva","8442186808915345","Arquitetura e Urbanismo"
"Isabel Rocha de Siqueira","8442397096584520","Instituto de Relações Internacionais"
"Barbara Pagliari Levy","8449437348562364","Administração de Empresas"
"Monah Winograd","8451364774329955","Psicologia"
"Luís Eduardo Ferreira Barbosa Moreira","8472486708918912","Matemática"
"Andrea Seixas Magalhães","8492570672786593","Psicologia"
"Pablo Waldemar Renteria","8516555305817218","Direito"
"Maria Luiza Canedo Queiroz da Silva","8531119006036997","Educação"
"Richieri Antônio Sartori","8540938164330840","Biologia"
"Aurora Pérez Gramatges","8556313208288263","Química"
"Guilherme Penello Temporão","8588362716481924","Engenharia Elétrica"
"Tânia Petersen Corrêa","8591753740075281","Economia"
"Solange Maria Luçan de Oliveira","8592040211488480","Ciências Sociais"
"Andre Luiz Roizman","8596620861483828","Administração de Empresas"
"Adriana Medeiros Ferreira da Silva","8604891167992934","Comunicação Social"
"Wilson Bucker Aguiar Junior","8605342668871253","Ciclo Profissional das Engenharias"
"Bethânia de Albuquerque Assy","8613185159485244","Direito"
"Eduardo Miranda Silva","8615891361070038","Comunicação Social"
"Yvan Pierre Becard","8648923443984747","Economia"
"Amélia Maria Cavalcanti Lacombe","8661330897504154","Letras"
"Crislayne Gloss Marão Alfagali","8694175488164243","História"
"Luis Fernando Paullo Muñoz","8698432496607695","Ciclo Profissional das Engenharias"
"Rafael Oswaldo Ruggiero Rodriguez","8720095248917015","Matemática"
"Lilian Saback de Sá Moraes","8721821261274441","Comunicação Social"
"Monica Herz","8745974666472766","Instituto de Relações Internacionais"
"Josafá Carlos de Siqueira","8769189053430629","Biologia"
"Rafael Cuba Mancebo","8803385746921778","Administração de Empresas"
"Clara Carnicero de Castro","8809454042715450","Filosofia"
"Carla Göbel Burlamaqui de Mello","8809843174160878","Física"
"Dourival de Souza Carvalho Junior","8810822198430354","Administração de Empresas"
"Ilmar Rohloff de Mattos","8817210659530263","Vice-Reitoria para Assuntos Acadêmicos"
"Helenice Charchat Fichman","8822284125037565","Psicologia"
"Gilberto Martins de Almeida","8842193288486001","Direito"
"Ilié Antonio Pele","8854273623171917","Direito"
"Alvaro de Lima Veiga Filho","8855081325345654","Engenharia Elétrica"
"Claudia Habib Kayat","8859960175809249","Artes e Design"
"Gabriel Banaggia de Souza","8863700929397171","Ciências Sociais"
"Vinicius do Nascimento Carrasco","8876586178975018","Economia"
"Marcio da Silveira Carvalho","8877272658065995","Engenharia Mecânica"
"Noel Struchiner","8897943441824788","Direito"
"Leonardo Schlesinger Cavalcanti","8904267568302516","Comunicação Social"
"Roberio Catelani Carneiro","8907221475365047","Arquitetura e Urbanismo"
"Raul Queiroz Feitosa","8934962824316146","Engenharia Elétrica"
"Patricia Itala Ferreira","8936730773016558","Administração de Empresas"
"Daniel Carlos Taissum Cardoso","8938338234755961","Engenharia Civil"
"Walvyker Alves de Souza","8939784377580745","Artes e Design"
"Carlos Frederico de Souza Coelho","8948854040767693","Instituto de Relações Internacionais"
"Luiz Camillo Dolabella Portella Osorio de Almeida","8954280130616397","Filosofia"
"Jeanine Marie Van Order","8971826295705780","Matemática"
"Gustavo Miranda Araujo","8981430837311079","Ciclo Profissional das Engenharias"
"Giselle Martins dos Santos Ferreira","8992700249707040","Educação"
"Paulo Fernando Henriques Britto","9010080809442799","Letras"
"Mariana Imbelloni Braga Albuquerque","9018292563744176","Direito"
"Maria Elisa Noronha de Sá","9019487528363359","História"
"Alessandra Maia Terra de Faria","9029727012264012","Ciências Sociais"
"Maria Apparecida Campos Mamede Neves","9030591579827203","Vice-Reitoria para Assuntos Acadêmicos"
"Karl Igor Martins Guerra","9031342631799834","Arquitetura e Urbanismo"
"Ana Paula Soares Carvalho","9034171018868255","Ciências Sociais"
"Pedro Marcos Nunes Barbosa","9042632102791693","Direito"
"Gisele Guimaraes Cittadino","9045006667266588","Direito"
"Maria Isabel Pais da Silva","9047349756866961","Engenharia Química e de Materiais"
"Rodrigo Caiado de Lamare","9051448517375421","Engenharia Elétrica"
"Bernardo Velloso Fernandez Conde","9079089409739431","Ciências Sociais"
"Flavia Nizia da Fonseca Ribeiro","9085065402673423","Artes e Design"
"Maria Celina Bodin de Moraes","9091412403985108","Direito"
"Luís Fernando Figueira da Silva","9094759402599071","Engenharia Mecânica"
"Maria Elisa Almeida Bacal","9109935369803982","Educação"
"Leonardo Duncan Moreira Lima","9142089571589914","Direito"
"Joana Stingel Fraga","9144640078598731","Geografia"
"Alexandro Solórzano","9155373304835930","Geografia"
"Carolina Oliveira do Amaral","9156230700373147","Comunicação Social"
"Luiz Fernando Ribeiro Santana","9158821686918422","Teologia"
"Waldecir Gonzaga","9171678019364477","Teologia"
"Guilherme da Costa Nunes","9177602061469655","Economia"
"Glaucia Augusto Fonseca","9192313793032473","Arquitetura e Urbanismo"
"Helio Côrtes Vieira Lopes","9199970180870105","Informática"
"Marcos Vianna Villas","9212655972228646","Informática"
"Simone Diniz Junqueira Barbosa","9222024053983021","Informática"
"João Luiz de Figueiredo Silva","9223950448656258","Geografia"
"Andre Luis Ferreira Beltrao","9226820141066319","Artes e Design"
"Antonio Carlos Figueiredo Pinto","9228786571948060","Administração de Empresas"
"Fernando Carlos Rodrigues Cortezi","9231996782861544","Administração de Empresas"
"Juçara da Silva Barbosa de Mello","9246461933404984","História"
"Paulo Fernando Carneiro de Andrade","9266153829970164","Teologia"
"Luis Manuel Rebelo Fernandes","9268052528216772","Instituto de Relações Internacionais"
"Antonyony Carlos Jordão Heitor","9278280134732806","Ciclo Profissional das Engenharias"
"Eduardo Barbosa Pinheiro","9279364884594774","Matemática"
"Rafael de Castro Rusak","9283983104859542","Comunicação Social"
"Fernando Galvão de Andréa Ferreira","9290359766996060","Direito"
"Andrea Ribeiro Hoffmann","9302378498228113","Instituto de Relações Internacionais"
"Nelio Domingues Pizzolato","9306576520691089","Vice-Reitoria para Assuntos Acadêmicos"
"Ana Paula Conde Gomes","9313347502111488","Ciências Sociais"
"Allan Rodrigues Vieira","9318645336434830","Física"
"Ivani de Souza Bott","9325051019864649","Engenharia Química e de Materiais"
"Ivani de Souza Bott","9325051019864649","Ciclo Profissional das Engenharias"
"Jesus Landeira-Fernandez","9330950719388986","Psicologia"
"Felipe Tamega Fernandes","9342027754732991","Economia"
"Simon Griffiths","9350051533251914","Matemática"
"Patrícia Coelho da Costa","9350848460353268","Educação"
"Adriana Haddad Nudi","9354841724510632","Química"
"Alexandre Montaury Baptista Coutinho","9361287488057318","Letras"
"Ney Costa Santos Filho","9374783259501867","Comunicação Social"
"Norma Moreira Salgado Franco","9422429452851670","Psicologia"
"Elsa Buadas","9423460172881195","Filosofia"
"Roberto Lucas Junior","9436754993549902","Arquitetura e Urbanismo"
"Brunno Ferreira dos Santos","9451118933341619","Engenharia Química e de Materiais"
"Renato Lima Charnaux Sertã","9453377757813100","Direito"
"Júlia Alexim Nunes Silva do Amaral","9457978198569609","Direito"
"Stefan Alexander","9458200591505717","Economia"
"José Roberto Sanseverino","9496855932903440","Artes e Design"
"Leonardo de Souza Chaves","9504031394855635","Direito"
"Gustavo Ribeiro Soares Pinto","9506678232274166","Economia"
"Eliane Botelho Junqueira","9515165432634800","Direito"
"Caio Carvalho Calafate","9515766389633290","Arquitetura e Urbanismo"
"America Adriana Benedikt","9534955749466189","Comunicação Social"
"Raul Murad Ribeiro de Castro","9537600930607663","Direito"
"Jean Carlos Natividade","9542120311882103","Psicologia"
"Tommaso Del Rosso","9605920001528483","Física"
"Gabriel Chavarry Neiva","9635383813611759","Comunicação Social"
"Rafael Zacca Fernandes","9636653089959213","Filosofia"
"Alexandre dos Santos","9660186806987369","Instituto de Relações Internacionais"
"Jaime Tupiassú Pinho de Castro","9705170158456125","Ciclo Profissional das Engenharias"
"Leonardo Bandeira Rezende","9707169827151889","Economia"
"Jose Luiz Jansen de Mello Neto","9718404864040311","Teologia"
"Pedro Pinheiro Teixeira","9736083270809253","Educação"
"Sandra Salomão Carvalho","9738786891754077","Psicologia"
"Claudio Abramovay Ferraz do Amaral","9762301608166584","Economia"
"Débora Freire Mondaini","9783235584753540","Matemática"
"Rosaly Hermengarda Lima Brandão Zaia Brandao","9820138057865750","Vice-Reitoria para Assuntos Acadêmicos"
"Gilberto Mendes Correia Junior","9836749140110551","Artes e Design"
"Luis Carlos Soares Madeira Domingues","9841736475206402","Arquitetura e Urbanismo"
"Alexandre Cantini Rezende","9844416074412479","Artes e Design"
"Simone Carvalho de Formiga","9866401638128172","Artes e Design"
"Pedro Paulo Salles Cristofaro","9885264188810202","Direito"
"Mila Desouzart de Aquino Viana","9889264736454663","Administração de Empresas"
"Joy Helena Worms Till","9895738636632298","Artes e Design"
"Carlos Roberto Hall Barbosa","9900625695933750","Metrologia"
"Raúl Pierre Rentería","9901133314325354","Informática"
"Ilan Goldfajn","9901178934652534","Economia"
"José Borzacchiello da Silva","9915761557849189","Geografia"
"Antonio Carlos de Souza Cavalcanti Maia","9918549543252963","Direito"
"Daniel Fernandes Castanheira","9928520464662588","Letras"
"Eduardo Zilberman","9936389852541404","Economia"
"Sheila de Barcellos Maia","9944052203924339","Administração de Empresas"
"Julia Bloomfield Gama Zardo","9959521221278547","Administração de Empresas"
"Alfonso Garcia Rubio","9995659363482583","Vice-Reitoria para Assuntos Acadêmicos"
"Paulo Eduardo Ramos de Araujo Penna","9997595944857341","Direito"
